student_id,name,surname,email,date_of_birth,gender
1,Regina Weeks,Cook,hunterkyle@example.org,2003-09-18,Male
2,Dominique Stokes,Simpson,jschmidt@example.org,2004-07-19,Female
3,Thomas Wilson,Wilson,barbarahall@example.com,1999-12-05,Female
4,Kimberly Murray,Jones,diaztheresa@example.com,2006-07-22,Female
5,Lisa Zavala,Dixon,eileen46@example.net,2006-08-02,Female
6,Justin Johnson,Rhodes,joshuamccarthy@example.net,1981-04-30,Female
7,Stephanie Gonzalez,Atkins,oscott@example.com,1984-03-28,Female
8,Claudia Clark,Salas,ronaldmorgan@example.org,2000-06-20,Female
9,Jenna Gonzales,Michael,iford@example.org,2002-09-15,Male
10,Kenneth Terry,Garcia,ricegary@example.com,2001-05-25,Male
11,Lisa Lynch,Contreras,katie55@example.com,2001-09-03,Female
12,Robin Baker,Page,joelduran@example.org,1995-12-30,Male
13,Alyssa Howard,Ali,shawnjackson@example.net,1982-01-19,Female
14,Tyler Ray,Anderson,lsingh@example.com,1998-04-18,Male
15,Kevin Castillo,Benson,kathleensparks@example.com,2005-01-07,Female
16,Dustin Lee,Hamilton,craigalbert@example.org,1994-04-12,Female
17,Brian Smith,Valencia,johnsonkevin@example.net,2002-06-07,Male
18,Michael Ortega,Simmons,april99@example.net,2006-12-31,Female
19,James Rodriguez,Cardenas,fernandezlisa@example.com,1990-08-16,Male
20,Linda Davis,Snyder,dwarren@example.com,2000-11-12,Male
21,Rachel Jackson,Chaney,robert42@example.com,1996-07-05,Female
22,Samantha Rodriguez,Lee,brookscarol@example.com,1998-01-20,Female
23,Felicia Garner,Moore,ernest23@example.net,1982-02-20,Male
24,James Hughes,Smith,brittney73@example.net,1981-11-30,Male
25,Rachael Charles,Bolton,wrightmaria@example.net,1994-10-24,Female
26,Amber Jones,Randall,steven90@example.com,2003-02-06,Female
27,Drew Williams,Campos,bakerbonnie@example.com,1996-06-30,Female
28,Dustin Hayes,Hall,tomcalderon@example.net,1999-03-03,Female
29,Julie Rhodes,Haley,walkermelissa@example.com,1996-08-22,Female
30,Cameron Ward,Anderson,thomasjordan@example.net,2001-12-16,Female
31,Brian Boyd,Thompson,arnoldnatalie@example.net,2006-03-22,Male
32,Mrs. Jessica Nguyen,Bullock,mcclainkathryn@example.org,1987-05-13,Female
33,Jamie Gonzalez,Hughes,andrew91@example.com,1985-02-17,Female
34,Robert Meyer,Flores,yrichardson@example.com,1984-03-24,Female
35,Tiffany Savage,Brown,jennifer44@example.com,2007-07-19,Male
36,Jacqueline Wright,Higgins,ujensen@example.com,1988-11-26,Female
37,Travis Davis,Brown,smithmaurice@example.com,1985-04-16,Female
38,Gerald Smith,Flores,laurapeters@example.com,1990-04-15,Male
39,Stephanie Ware,Brown,peter26@example.net,1993-07-02,Female
40,Karl Nichols,Lloyd,craig21@example.org,1999-07-11,Male
41,Dr. Rachel Garcia,Bush,markcruz@example.net,1984-12-31,Male
42,Mark Simmons,Flores,jcollins@example.net,1982-07-25,Male
43,Teresa Palmer,Lewis,paulmejia@example.net,2008-01-11,Female
44,Teresa Morris,Jackson,rpennington@example.com,2003-04-19,Female
45,Caitlin Scott,Skinner,loneal@example.org,1990-07-10,Male
46,Sarah Andrade,Taylor,cruzmichael@example.com,1984-03-04,Male
47,John Acevedo,Morales,mshelton@example.org,1993-10-22,Female
48,Arthur Krueger,Hawkins,gduke@example.com,1995-12-31,Female
49,Zachary Jacobs,Allen,ricematthew@example.net,1980-06-22,Male
50,Donald Martin,Johnson,castanedaashley@example.net,1993-08-30,Male
51,Mrs. Laura Palmer,Smith,marie78@example.com,2008-04-09,Female
52,Kelly Rogers,Johnson,dominguezmichael@example.net,1985-01-20,Female
53,Cindy Davis,Murray,crystal15@example.org,1991-11-15,Male
54,Ralph Rivera,Blackwell,mileswendy@example.com,1992-09-05,Male
55,Brian Burton,Edwards,kparker@example.org,1997-06-12,Male
56,James Mills,Brown,ncisneros@example.org,1996-11-07,Male
57,Janet Martinez,Christensen,joseph47@example.com,1997-06-23,Female
58,Matthew Carter,Nelson,vasquezphillip@example.com,2007-01-12,Female
59,Virginia Sanchez,Cervantes,micheleharvey@example.com,1983-04-11,Female
60,Amy Bennett,Fuller,sabrinahuffman@example.org,1983-08-03,Male
61,Mrs. Lisa Duffy,Nelson,hernandezamanda@example.org,2005-10-17,Female
62,Sara Wade,Cole,andrewgreen@example.net,1982-08-16,Female
63,John Wilson,Brown,tholloway@example.org,1988-11-28,Male
64,Christina Sherman,Mitchell,igriffith@example.org,1985-06-20,Female
65,Scott Rodriguez,Obrien,vmckinney@example.net,2001-09-02,Female
66,Steven Werner,Barrett,ariel17@example.org,1984-02-24,Male
67,Monique Kaiser,Stewart,evelyn67@example.org,1984-05-30,Male
68,Kimberly Vazquez,Holt,noah42@example.com,1993-10-07,Male
69,Jonathan Sanchez,Anderson,smithrichard@example.com,1984-10-31,Male
70,Suzanne Jones,Hebert,bschroeder@example.net,1997-12-15,Male
71,Douglas Silva,Kennedy,jonathanrodriguez@example.com,2008-04-10,Male
72,Brian Mendez,Sosa,darlenewillis@example.org,1983-10-10,Male
73,Jacqueline Long,Pitts,xcallahan@example.org,2005-05-04,Female
74,Bethany Johnson,Frye,austin68@example.org,1996-05-28,Female
75,Katie Quinn,Johnson,george03@example.com,2002-09-10,Female
76,Melissa Rodriguez,Lawrence,rodriguezjoel@example.net,1996-06-09,Female
77,Brenda Allen,Alvarez,wconner@example.net,1990-01-05,Male
78,Mariah Pham,Adams,jason75@example.org,1986-11-19,Female
79,Kathleen Baldwin,Shaw,fbaker@example.net,2007-09-02,Male
80,Mr. Robert Waller,Huber,mjohnson@example.net,1991-09-02,Male
81,Morgan Foster,Johnson,alvinkelly@example.com,1994-07-24,Male
82,Mark Martin,Green,melissa34@example.org,1980-06-08,Male
83,Sandra Howe,Ramsey,zflynn@example.org,1984-11-10,Female
84,Kristin Oliver,Nguyen,natasha92@example.net,1988-08-19,Male
85,Blake Greer,Burns,kelseybrown@example.net,1994-09-11,Female
86,Alicia Lynch,Diaz,cindylee@example.org,1988-01-26,Male
87,Amber Gonzalez,Hall,david73@example.com,2001-12-02,Male
88,Isaiah Martinez,Parrish,hammondbrian@example.org,2001-12-06,Male
89,Aimee Gonzalez,Franklin,grahamcynthia@example.org,1983-05-18,Male
90,Renee Williams,Levy,meganwilliams@example.org,1997-06-03,Female
91,Robin Joseph,Anderson,sullivanbryan@example.net,1987-08-19,Female
92,Joseph Rivas,Davis,nathanielliu@example.com,1992-05-23,Female
93,Deborah Williams,Mckee,timothy85@example.net,1980-05-28,Female
94,Timothy Barnes,Harris,phillipsamanda@example.com,1992-11-06,Female
95,Jesse Taylor,Phillips,grantmark@example.com,1993-01-31,Female
96,Jeffery Bailey,Johnston,probinson@example.net,1990-03-18,Female
97,Daniel Sloan,Gross,richardsmichael@example.net,1999-08-08,Female
98,Erin Young,Brown,stacey53@example.net,2005-07-14,Male
99,David Velazquez,Moore,lauracastillo@example.com,1999-09-10,Female
100,Robert Lee,Richmond,fcrawford@example.org,1988-08-09,Female
101,Lisa Hill,Mata,rachel54@example.net,1992-11-01,Male
102,Jessica Gates,Medina,foleylauren@example.org,2000-12-03,Male
103,Dylan Lopez,Richardson,tammie72@example.net,2003-05-04,Female
104,Brandon Martinez,Hammond,kshaw@example.com,1988-04-20,Male
105,Bailey Miller,Jimenez,iflores@example.com,1984-07-01,Male
106,Melissa Brown,Pope,jodi48@example.org,1993-07-07,Male
107,Martin Wilson,Romero,michael82@example.net,1982-12-13,Female
108,Brian Marshall,Brown,robert97@example.org,2003-07-10,Male
109,Justin Fields,Fowler,danielshannah@example.org,1986-08-30,Male
110,Briana Hamilton,Mueller,andersonlarry@example.com,2003-11-19,Female
111,Michael Hall,Hicks,emilymiller@example.org,2000-07-28,Female
112,Rachel Jones,Williams,wattsapril@example.net,1983-04-07,Male
113,Brittany Simmons,Warner,sparsons@example.com,1980-11-05,Female
114,James Lewis,Walker,thomas52@example.com,1985-01-08,Female
115,Sharon Perez,Hernandez,stephanie12@example.net,1985-08-10,Female
116,Maureen Kelly,Lambert,sbowman@example.com,2001-01-26,Female
117,Kelly Bean,Howell,brandonharvey@example.com,1994-11-25,Male
118,Nathan Jones,Williams,pmorrison@example.com,1980-10-24,Male
119,Christine Taylor,Jones,sarah93@example.net,1991-01-27,Male
120,Kevin Mccoy,Anderson,carla42@example.com,1996-10-31,Male
121,Christie Tapia DVM,Park,kristenwilliams@example.net,1993-02-10,Male
122,Joshua Lozano,Brown,gerald02@example.org,1991-11-24,Female
123,Paul Thompson,Navarro,hallbrandon@example.com,1987-06-09,Male
124,George Brooks,Waters,robinmartinez@example.net,2005-01-21,Male
125,Steven Simmons,Gomez,lindaschmidt@example.net,1992-02-01,Male
126,Justin Figueroa,Rollins,tturner@example.net,2001-07-11,Male
127,Shawn Boyd,Ewing,markstimothy@example.net,1992-07-18,Male
128,Jill Lynch,Peters,denise48@example.org,1995-05-09,Male
129,Steve Hunt,Powers,laurabartlett@example.net,2001-06-23,Female
130,Thomas Arnold,Jones,sharon78@example.net,1993-10-15,Male
131,Ashley Allen,Price,keithwoods@example.org,1991-01-26,Female
132,Theresa Guerrero,May,laurie63@example.com,2002-10-30,Male
133,Joseph Good,Ruiz,vcarroll@example.org,1983-12-07,Male
134,Margaret Crosby,Flowers,pdavis@example.net,1995-06-10,Male
135,Tiffany Brown,Buchanan,matthewmolina@example.com,2001-01-10,Male
136,Jessica Harris,Robinson,peggy00@example.com,1986-09-10,Female
137,Robert Hill,Brown,smoody@example.com,1996-04-25,Female
138,Lynn Ho,Torres,astanley@example.org,1989-07-15,Female
139,Eric Hood,Atkins,ygraves@example.com,1987-01-24,Female
140,Dana Lopez,Carpenter,daniel94@example.com,2007-12-04,Female
141,Thomas Vasquez,Lynn,egarcia@example.org,1996-02-18,Male
142,David Cabrera,Roy,thompsonmichael@example.net,2007-05-02,Male
143,Angela Rivera,Lewis,jcarter@example.com,1991-03-16,Male
144,Emily Rodriguez,Campbell,jjackson@example.org,1986-10-12,Female
145,Patrick Whitaker,Rodriguez,johnbrennan@example.com,1989-04-01,Female
146,Jonathan Ramirez,Hester,stevendyer@example.com,1983-04-11,Male
147,Gary Jackson,Gardner,shermanjacob@example.com,1997-10-24,Male
148,Kristen Bowers,Mason,frankrandy@example.com,1985-12-01,Male
149,Clinton Leblanc,Walker,lopezchristian@example.net,1993-07-19,Male
150,Donna Chavez,Flores,qestrada@example.net,1997-02-18,Male
151,Jimmy Myers,Jordan,tyrone44@example.com,1991-12-18,Female
152,Shane Johnson,Wilson,hernandezmathew@example.org,2006-07-31,Male
153,Kenneth Berger,Simmons,lisa60@example.net,1990-06-18,Female
154,Terry Brooks,Curry,jameswilson@example.com,2002-12-02,Male
155,Andrew Carroll,Baxter,brooksjames@example.com,1990-12-15,Male
156,Robert Lewis,Russell,mtorres@example.com,1998-10-06,Male
157,Brandon Brennan,Rios,natasha61@example.org,1984-06-10,Female
158,Cathy Rodriguez,Taylor,psnyder@example.net,1990-07-22,Female
159,William Copeland,Scott,walkerjohn@example.net,1998-05-19,Male
160,Mrs. Amy Allen DDS,Kim,ricerandall@example.net,1984-05-24,Male
161,Steven Bowers Jr.,Lane,jacqueline15@example.com,1991-03-19,Male
162,Laura Nichols,Williams,julie50@example.org,1990-09-01,Male
163,Alexis Wheeler,Flores,michael43@example.org,1990-08-04,Male
164,Pamela Wise,Jones,blakestephens@example.com,1989-11-12,Female
165,Gregory Le,Perez,lwarren@example.net,1990-06-21,Male
166,Cynthia Patterson,Pennington,xcain@example.com,1994-12-05,Male
167,Brian Santiago,Brooks,morganteresa@example.org,2002-10-13,Male
168,Christopher Hughes,Scott,linda90@example.org,1994-03-31,Female
169,Christina Turner,Perkins,barnettcandice@example.org,2000-05-15,Female
170,Cody Williams,Beck,mario44@example.org,2000-01-11,Female
171,Holly Hill,Norton,lyoung@example.net,1984-05-02,Male
172,Bruce Butler,Henderson,bradleylori@example.com,2000-04-06,Male
173,Amanda Johnson,Edwards,davidmartinez@example.org,1984-07-08,Female
174,Felicia Pitts,Jackson,hectormiller@example.org,2005-12-27,Male
175,Gloria Werner,Lawrence,russellramirez@example.com,1989-06-07,Male
176,David Hale,Henderson,usmith@example.org,2004-04-24,Male
177,Ellen Henderson,Glover,mendozaangela@example.com,2002-12-17,Male
178,Brianna Smith,Larson,davidreid@example.org,1984-12-31,Female
179,Angela Hughes,Richardson,todd10@example.org,2007-11-06,Female
180,Tyler Hernandez,Flores,ischaefer@example.org,1992-04-08,Male
181,Devin Johns,Thomas,joseph90@example.com,1998-10-22,Male
182,Jason Douglas,Pope,christophergarcia@example.com,1981-07-04,Female
183,Cynthia Schmidt,Newman,hunter69@example.com,1992-06-17,Female
184,Theodore Butler,Jones,jessica32@example.net,1992-07-14,Female
185,Cathy Evans,Campbell,stephaniehernandez@example.org,1980-09-13,Female
186,Yolanda Abbott,Hughes,johnsonmegan@example.com,1990-10-13,Male
187,Richard Miller DDS,Melton,suzanne75@example.org,1981-06-13,Male
188,Heidi Blake,Mcdonald,mmarshall@example.org,1982-09-23,Male
189,Jason Rice,Cole,piercesheri@example.com,1984-07-11,Female
190,Denise Key,Walters,landrydenise@example.org,2001-02-25,Male
191,Katherine Mcmillan,Harris,nicolenelson@example.net,1997-01-16,Male
192,Cynthia Hall,Carter,andrewsdavid@example.net,1984-03-26,Male
193,Jordan Huerta,Wells,jsmith@example.org,2006-09-11,Female
194,James Hinton,Liu,fgutierrez@example.com,1985-03-26,Female
195,Lauren Gibson,Duncan,parkerchristine@example.net,2003-12-01,Male
196,Paul Perry,Cherry,fcollins@example.org,1998-08-05,Male
197,Thomas Thompson,Pham,tjohns@example.net,1989-01-15,Female
198,Ronald Johnson,Holt,scott75@example.net,1982-03-24,Male
199,Marcus Solis,Montgomery,elizabethgibbs@example.org,1998-05-12,Female
200,Daniel Willis,Davis,david68@example.org,1997-10-25,Female
201,Brenda Martinez,Smith,lindsey31@example.com,2007-11-03,Female
202,Kayla Simmons,Robinson,david72@example.net,1988-11-04,Female
203,Alan Wilson,Blake,katieholmes@example.com,2007-12-01,Female
204,Jessica Krause,Hunter,cody09@example.com,1981-06-05,Female
205,Donald Herrera,Wood,jennifer28@example.net,1995-10-30,Male
206,Chris James,Robbins,andrewharmon@example.com,1996-10-09,Female
207,Christopher Rojas,Bailey,amanda88@example.com,1996-08-24,Female
208,Kristina Roberts,Francis,joseph91@example.com,2005-04-16,Female
209,Robert Hernandez,Pearson,rebecca47@example.com,1990-03-11,Male
210,Brittany Wood,Moreno,ricemichael@example.org,1986-01-23,Male
211,Eric Sawyer,Robinson,falexander@example.net,1994-02-14,Male
212,James Mccann,Foley,sarah57@example.com,1981-06-25,Male
213,Jason Werner,Lowe,wleon@example.net,1993-10-13,Female
214,Benjamin Warren,Chavez,frank07@example.org,1993-01-04,Female
215,Mr. Matthew Kane,Estrada,andrew75@example.net,2002-05-15,Female
216,Jason Gibbs,Collins,mwells@example.com,1984-09-15,Female
217,Lauren Wolfe,Clark,othomas@example.com,1992-10-09,Female
218,James Willis,Burns,conradtimothy@example.com,1997-10-29,Female
219,Gary Pierce,Cobb,ballardrichard@example.org,2004-03-04,Female
220,James Sanchez,Payne,james44@example.org,1984-10-26,Male
221,Karen Walker,Holland,walexander@example.com,1981-12-17,Female
222,Rhonda Hernandez,Wilkins,webersue@example.net,1991-11-01,Male
223,Cynthia Davis,Little,igonzales@example.org,1985-11-14,Female
224,Frances Wilson,Murray,torressherry@example.com,2003-07-14,Male
225,Alexander Smith,Gamble,gthomas@example.org,2006-05-07,Male
226,Brent Erickson,Sims,gary23@example.net,1995-12-07,Male
227,Kathryn Hayden,Morales,anna91@example.com,2003-06-12,Female
228,Natalie Brown,Peterson,mitchellmurphy@example.net,1994-09-18,Female
229,Karen Wilson,Jenkins,fordjoseph@example.org,2000-11-08,Female
230,William Woods,Scott,ulewis@example.org,1997-07-22,Female
231,Michael Glover,Ramirez,browndale@example.com,1983-02-16,Male
232,Norma Whitaker,Cook,fsmith@example.com,2008-01-08,Female
233,Amanda Perkins,Murray,eileendiaz@example.net,1983-08-04,Female
234,Yolanda Moore,Hunter,tammy05@example.com,2004-09-19,Male
235,Paul Meyers,Todd,vincentwells@example.org,1988-04-14,Female
236,Jennifer Hall MD,Johnson,jennifer18@example.net,1985-07-25,Male
237,Anne Gonzalez,Nunez,anthony15@example.com,1984-07-31,Female
238,Robin Lopez,Steele,starkjames@example.com,1990-05-01,Male
239,Jamie Holmes,Leonard,oadams@example.org,1980-07-22,Male
240,Kelly Knapp,Nguyen,nblake@example.net,1988-01-01,Female
241,Felicia Bowman,Nelson,chelseanguyen@example.org,2001-06-24,Male
242,Troy Moore,Stewart,nguyenerik@example.org,2000-01-16,Female
243,Jamie Anderson,Hudson,michael44@example.org,1985-08-19,Female
244,Jill Bradford,Simmons,sullivanoscar@example.net,1995-09-24,Female
245,Ruben Rogers Jr.,James,annafrazier@example.net,2000-02-29,Male
246,Michelle Mendez,Benson,pcrawford@example.org,1994-10-24,Female
247,Michael Carey,Shaw,howarddonald@example.net,1989-10-14,Male
248,Katherine Raymond,Owens,daguilar@example.com,1988-01-02,Female
249,Courtney Barber,Payne,rangelshelby@example.com,1990-01-13,Male
250,Tracey Hudson,Hart,carriecase@example.net,1984-11-23,Male
251,Savannah Valencia,Jimenez,leah14@example.com,2006-12-15,Male
252,Susan Lee,Tucker,heather09@example.org,2003-06-02,Male
253,Kathleen Rodriguez,Turner,bbell@example.com,1982-12-25,Male
254,Kimberly Lewis,Carpenter,iglover@example.org,1981-08-14,Male
255,Desiree Clark,Douglas,jean91@example.com,1993-10-02,Female
256,Stephanie Hamilton,Smith,selenawhite@example.net,2003-06-01,Male
257,Richard Lozano,Vaughn,lauramartinez@example.com,1993-04-16,Female
258,Christine Chandler,Allen,mercedes32@example.net,1992-07-18,Female
259,Tabitha Guzman,Vincent,martinstephen@example.net,2005-01-23,Male
260,Michael Rivera,Rivera,pearsonmolly@example.org,2001-11-01,Female
261,Vanessa Dennis,Freeman,usolis@example.com,2002-03-06,Female
262,Bradley Contreras,Howard,james58@example.net,1984-05-16,Female
263,Aaron Howard,Guerrero,smithsarah@example.com,1981-03-15,Female
264,Meagan Brown,Dawson,kwebb@example.net,2004-01-19,Male
265,Briana Bradford,Howard,melissa82@example.org,1982-10-05,Female
266,David Ramirez,Cochran,philip01@example.net,1990-12-29,Female
267,Mary Williams,Tyler,xholloway@example.org,1981-11-04,Female
268,Jamie Leblanc,Jones,martinsellers@example.com,1982-12-30,Male
269,Kurt Lawson,Deleon,dhill@example.org,1989-11-14,Male
270,Dr. Jane Miller,Lee,fnelson@example.com,2007-12-11,Female
271,Stephanie Wilson,Foster,goodmanjessica@example.org,1986-04-30,Male
272,Valerie Goodman,Allen,njohnson@example.org,1987-11-27,Female
273,Cassidy Moore,Mcconnell,richardvargas@example.net,1998-11-05,Female
274,Jasmine Clark,Galloway,ipineda@example.net,1999-06-11,Male
275,Eric Knight,Woods,ipennington@example.com,1993-06-14,Male
276,Lawrence Ortiz,Evans,jessica62@example.com,1999-09-08,Male
277,Kristen Roberts,Dougherty,rodriguezerica@example.com,2005-06-19,Male
278,Rhonda Burke,Melendez,caseyjoseph@example.com,1985-04-29,Male
279,Raven Chang,Roth,katherinewells@example.net,1992-12-31,Female
280,Jeffery Stewart,Bernard,mariathompson@example.org,1988-05-20,Female
281,Joseph Parrish,Peterson,xreyes@example.org,1996-09-29,Female
282,Lisa Garcia,Ingram,vbrown@example.com,2005-03-25,Female
283,John Hart,Butler,alimiguel@example.net,2001-05-18,Male
284,William Howell,Turner,hbaldwin@example.com,1988-07-31,Male
285,Taylor Hunt,Davis,mcbridecarolyn@example.com,2004-03-07,Female
286,Fred Hess,Tran,oanderson@example.net,2001-09-29,Male
287,Samantha Abbott,Davila,gking@example.net,1992-02-07,Female
288,Katrina Goodwin,Davis,michael57@example.org,1993-10-21,Female
289,Natalie Hebert,Leonard,jessica64@example.org,1981-08-12,Male
290,Jerry Tucker,Andrade,drodriguez@example.org,1989-11-01,Female
291,Marilyn Kennedy,Ramirez,obrown@example.org,1988-05-31,Male
292,Justin Johnson,Owen,denise02@example.org,1981-07-06,Male
293,Andrew Anderson,Peters,michelle10@example.com,1990-10-13,Female
294,Kerry Hanna,Lee,amandagomez@example.org,1997-05-03,Female
295,Kimberly Gay,Rivera,johnnyshaw@example.com,1990-08-09,Male
296,Robert Sosa,Smith,williamsjerry@example.net,1987-11-21,Female
297,Alexis Casey,Wu,mary68@example.org,2005-09-15,Female
298,Rebekah Cook,Mitchell,morganmiller@example.org,1986-12-08,Male
299,Keith Wall,Reese,fthompson@example.net,1983-09-21,Male
300,Danielle Jimenez,Watts,philipjones@example.org,1987-10-10,Male
301,Jeffrey Kennedy,Moon,odiaz@example.net,1985-10-08,Female
302,Mrs. Maria Smith,Hines,coxjeffrey@example.com,1990-01-24,Male
303,Andrew Mitchell,Salazar,hocatherine@example.com,1981-01-08,Female
304,Karina Franklin,Martinez,fritzstacy@example.com,2000-04-05,Female
305,Harold Ortiz,Stanley,jennifer29@example.org,2003-01-12,Female
306,Juan Miller,Robinson,phernandez@example.org,1989-05-07,Male
307,Todd Clark,Harris,wwood@example.net,2005-09-27,Female
308,Michael Barton,Tran,rosstodd@example.com,2007-02-12,Male
309,Hunter Clark,Henson,pbell@example.com,2005-07-10,Female
310,Cody Williams,Cook,jennifernavarro@example.net,1997-01-14,Male
311,Isabel Weiss,Brooks,meltoncharles@example.org,1989-05-31,Female
312,Jessica Dickson,Bailey,daviscolleen@example.com,1988-08-29,Male
313,Alexander Chan,Morales,zpalmer@example.net,2005-03-26,Male
314,Jenna Rodriguez,Porter,smithryan@example.net,1993-07-17,Female
315,John Brock,Beltran,patriciahodges@example.com,2007-01-15,Male
316,William Martin,Dunn,connerrobert@example.net,2007-07-10,Male
317,Michelle Walters,Bell,crystal18@example.net,1995-09-29,Female
318,Austin Reyes,Taylor,ksmith@example.org,1988-12-14,Female
319,Scott Olson,Burke,yfoster@example.net,2001-03-14,Female
320,James Greene,Perez,ashleyorozco@example.net,1986-08-03,Female
321,Bob Massey,Durham,cassandradavis@example.com,1988-09-23,Male
322,Michael Ortiz,Barnes,janicetucker@example.com,2002-12-21,Female
323,Daniel Crawford,Clayton,ashleyjacobson@example.net,1984-05-03,Male
324,Melissa Wood,Mayo,patrick79@example.org,1981-10-14,Male
325,Cameron Brooks,Morales,jocelynhodge@example.net,1994-05-31,Female
326,Michelle Taylor,Leblanc,lbennett@example.net,1988-08-29,Female
327,Monica Pennington,Smith,framsey@example.org,1988-03-15,Male
328,Eric Olsen,Diaz,jerrycortez@example.com,2008-03-10,Male
329,Kevin Brown,Zhang,lonnieswanson@example.net,1995-03-30,Female
330,Susan Aguilar,Torres,carlawebb@example.com,1991-04-07,Male
331,Melissa Owens,Yoder,bruce38@example.net,2004-02-11,Female
332,Mark Phillips,Bailey,mhammond@example.org,1999-02-20,Male
333,Catherine Hayes,Fleming,jasonbrandt@example.org,2007-04-02,Female
334,Edward Thomas,Nelson,robertscole@example.org,1985-02-28,Female
335,David Hill,Henson,lrodriguez@example.org,2008-03-05,Female
336,Amy Miller,Erickson,mwhite@example.org,1988-09-04,Male
337,Ana Reeves,Collins,rodriguezmatthew@example.com,2007-06-03,Male
338,Amy Stein,Dawson,yshea@example.net,1995-11-01,Male
339,Christine Williams MD,Walker,samuel06@example.org,1982-12-26,Male
340,Katie Franklin,Barnes,paul62@example.net,1981-04-25,Female
341,Carrie Gonzalez,Morgan,lovekathy@example.net,2005-01-15,Female
342,Charles Garcia,Johnson,anthony18@example.net,2008-03-08,Male
343,Lindsey Jensen,Clark,paula31@example.org,1991-10-04,Male
344,Cindy Evans,Waller,millerelizabeth@example.org,1994-06-25,Female
345,Gary Williams,Walker,brent54@example.org,2006-08-13,Female
346,Mark Gonzalez,Lewis,garciadawn@example.net,1990-04-04,Female
347,Jennifer Miller,Miller,william93@example.net,2002-07-22,Female
348,Martha Solis,Hopkins,reginahernandez@example.org,1991-12-21,Male
349,Heather Rogers,Fuentes,ericwilkinson@example.com,2001-01-10,Male
350,Mrs. Mary Wright,Watts,rflores@example.org,1989-04-01,Female
351,Daniel Miller,Tucker,kevinmiller@example.net,1998-09-16,Male
352,Barbara Bradford,Sanchez,angelaporter@example.org,1993-03-30,Male
353,Suzanne Campbell,Garcia,kellysantiago@example.com,1987-08-06,Female
354,Elizabeth Campbell,Turner,aday@example.net,1992-11-30,Male
355,William Norman,Lutz,nancy91@example.com,1988-12-20,Male
356,Melinda Barrett,Cooley,uzamora@example.org,2002-03-16,Male
357,Stephanie Norman,Spears,welchalison@example.org,1991-08-31,Female
358,Kim Lane,Barnes,andersonbradley@example.org,1999-09-15,Male
359,Barbara Martinez,Lopez,joseph77@example.org,2002-12-01,Male
360,Dennis White,Price,patrickfarrell@example.com,1992-09-22,Female
361,Allen Harrison,Hill,harrisjames@example.org,1991-12-02,Female
362,Joseph Dalton,Calderon,norma98@example.net,1996-12-12,Female
363,Jessica Lam,Miller,wallsandrew@example.com,2001-08-01,Male
364,Julia Russell,Taylor,andersonandrew@example.com,2005-05-01,Female
365,Dorothy Moore,Miller,nathan60@example.com,1990-05-21,Male
366,Rose Martin,Brown,pelliott@example.org,2001-11-29,Male
367,Brandon Meyer,Martinez,lori52@example.com,1984-07-21,Male
368,Kyle Barr,Collins,vbanks@example.org,1996-06-05,Male
369,Michael Jackson,Garcia,jason75@example.com,2003-01-29,Male
370,Michael Nelson,Bowman,austinsmith@example.net,1985-11-13,Male
371,Alexandra Smith,Smith,elizabethdelgado@example.net,2007-10-01,Female
372,Austin Wilson,Pollard,stewartdavid@example.net,2000-11-14,Male
373,Andrew Cook,Myers,johnsongregory@example.net,1998-03-14,Female
374,James Cross,Garza,stacy07@example.net,2007-03-06,Female
375,Michael Church,Byrd,jgray@example.net,1999-11-18,Male
376,Christine Landry,Walker,benjamin17@example.org,2002-11-09,Male
377,Natalie Sanchez,Hernandez,calebreed@example.com,1994-03-24,Female
378,Stephanie Reeves,Perez,alexander44@example.com,1990-11-11,Female
379,Wyatt Mccarthy,George,nicholasreynolds@example.net,1989-05-23,Male
380,William Thompson,Gibson,alan83@example.org,1988-12-30,Female
381,Carla Rhodes,Molina,pachecobrian@example.net,1983-09-26,Male
382,David Thompson,Jennings,bcalhoun@example.com,1982-08-22,Male
383,Jeremy Richardson,Le,shawn83@example.com,1991-10-30,Male
384,Ryan Ramirez,Abbott,boyeraustin@example.org,1994-02-24,Male
385,Victoria Garcia,Collins,vgoodman@example.org,1995-10-19,Female
386,Nicholas Levine,Chambers,maryjenkins@example.org,1989-06-24,Male
387,Michael Walsh,Miller,michaelbean@example.org,1999-10-09,Male
388,Joe Becker,Forbes,smithchristine@example.net,1990-10-07,Male
389,Jason Gutierrez,Galloway,jennifer05@example.net,1999-12-30,Male
390,Cynthia Reed,Mcdonald,wcampbell@example.org,2000-03-25,Male
391,Marc Ramirez,Jefferson,eddie59@example.com,1985-09-02,Male
392,Kyle Ruiz,Wright,hermanscott@example.com,1984-06-21,Male
393,Erin Nelson,Garcia,fieldsjames@example.com,1987-12-07,Male
394,John Chapman,Campbell,tharper@example.com,2004-01-05,Female
395,Dr. Cheryl Wang,Mitchell,jason16@example.net,1989-03-02,Male
396,Alicia Cameron,Floyd,brian11@example.net,1981-03-31,Female
397,Jerry Atkinson,Mcdonald,brandon05@example.com,2000-07-06,Female
398,Derek Hanson,Sanders,donnarodriguez@example.com,1992-09-05,Female
399,Larry Contreras,Sullivan,mendozalisa@example.org,1985-02-08,Male
400,Mary Cruz,Graham,whitestephanie@example.org,2003-04-04,Female
401,Alison Bradley,Brown,xrodgers@example.net,1983-06-09,Male
402,Megan Mccullough,Robinson,dpowell@example.net,1993-01-25,Male
403,Kathleen Rodriguez,Lloyd,katherinemoreno@example.com,2003-05-08,Female
404,Justin Clark,Lee,reynoldstimothy@example.com,2004-01-02,Female
405,Mark Johnson,Schultz,natashamercer@example.net,1987-08-13,Male
406,Richard Parker,Lucas,fmunoz@example.org,1984-12-07,Male
407,Mrs. Madeline Leonard,Buck,courtneymartinez@example.net,2001-03-23,Male
408,Mr. Fernando Duncan,Medina,laurahall@example.net,2001-07-22,Female
409,Jackie Garcia,Johnson,tammy79@example.com,2006-11-22,Female
410,Amy Aguilar MD,White,vhernandez@example.com,2003-10-28,Male
411,James Shea,Cole,daniel27@example.net,1982-09-11,Male
412,Alan Smith,Carroll,amendez@example.net,2000-07-03,Male
413,Rodney Lara,Livingston,darrellhampton@example.net,2001-04-03,Male
414,Jessica Thornton,Garza,kevinreyes@example.com,2003-10-16,Male
415,John Pena,Trevino,ebradshaw@example.com,2006-02-09,Female
416,Gregory Carpenter,Allen,michaeljohnson@example.net,1994-12-27,Male
417,Joshua Moore,Hebert,russoangela@example.com,1993-10-03,Male
418,Bridget Wilson,Cochran,smithpaul@example.org,1994-11-19,Male
419,Todd Stewart,Kim,wayne17@example.net,2000-03-28,Male
420,Robert Esparza,Warren,cherylarmstrong@example.net,1984-07-06,Female
421,Amber Ingram,Douglas,kevin63@example.net,1998-06-05,Female
422,Annette Baird,Garcia,robertcastillo@example.net,1985-07-21,Male
423,Molly Chapman,Clark,keithgaines@example.org,1987-01-03,Male
424,Jonathan Kim,Smith,torresjonathan@example.com,2006-11-29,Female
425,Edward Wilson,Robbins,ashleymartin@example.org,1980-06-05,Female
426,Tonya Morris,Young,madisonreynolds@example.org,2003-02-18,Male
427,Shawn Snow,Williams,staciemartinez@example.net,2004-01-08,Male
428,Jimmy Hayes,Wood,bryan34@example.org,2004-11-19,Female
429,Scott Owens,Dougherty,dansmith@example.net,1983-05-04,Female
430,Jacqueline Strickland,Henderson,ijohnson@example.com,1999-01-26,Male
431,Elizabeth Pearson,Cooper,troy29@example.net,1997-04-20,Male
432,Shelby Hays,Wilson,sydney22@example.org,1989-11-21,Male
433,George Tanner,Walker,ucombs@example.net,1982-05-16,Female
434,Eric Long,Rodriguez,mcneillydia@example.net,1995-03-17,Male
435,David Castro,Myers,zacharyhicks@example.net,1997-12-20,Male
436,Kevin Jones,Powers,jamesadam@example.com,1997-07-16,Male
437,Brent King,Kim,sotoelizabeth@example.net,1993-07-03,Female
438,Kristen Atkinson,Clark,xsoto@example.com,1990-04-15,Male
439,Suzanne Brown,Diaz,ypotter@example.com,1986-08-03,Male
440,Jacob Kelley,Bradford,millerkyle@example.org,2005-11-24,Male
441,Emily Montoya,Lewis,xgarcia@example.com,1994-07-18,Female
442,Sean Cox MD,Rocha,johnhenson@example.net,1986-12-07,Male
443,Robert Wilson,Green,lorimiller@example.com,1999-06-09,Male
444,Robert Reese,Nguyen,ginasmith@example.net,1985-09-25,Female
445,Nicole Gomez,Hale,jenniferwilson@example.com,1991-09-30,Female
446,Natalie Williams,Ramirez,dixonconnie@example.com,2004-07-11,Female
447,Cheryl Wilson,Huynh,jevans@example.com,2005-11-15,Male
448,Robert Buchanan,Nelson,martinezsarah@example.net,1980-07-14,Female
449,Karen Lloyd,Wallace,syu@example.net,2003-07-19,Male
450,Kayla Miller,Young,pboyd@example.com,1984-07-03,Male
451,Amber Martinez,Walter,teresa76@example.com,1981-06-19,Female
452,Sharon Herring,Jackson,nicole83@example.org,1982-11-12,Female
453,Rachel Owens,Johnson,christinerichardson@example.com,1999-08-31,Male
454,John Jarvis,Aguilar,nataliesmith@example.com,1988-10-07,Female
455,David Potter,Martin,rebecca36@example.com,1995-04-11,Male
456,Allison Johnson,Hayes,grahampamela@example.org,1982-04-01,Female
457,Wendy Cooper,Wise,mmiller@example.org,1982-11-13,Female
458,Mrs. Brandy Peterson,Parker,ibecker@example.org,1996-08-04,Female
459,Mary James,Sanders,bcraig@example.net,1996-06-23,Male
460,Ashley Clark,Phillips,bradleystewart@example.com,2002-03-19,Female
461,Mary Marks,Pope,edavis@example.org,1993-01-04,Male
462,Dalton Mcbride,Johnson,amberhunt@example.com,2001-10-19,Female
463,Kristin Saunders,Carlson,catherine99@example.com,1997-08-17,Male
464,Lisa Nelson,Casey,kharding@example.com,1999-11-18,Male
465,Vicki Ellis,Marquez,nathan86@example.com,2001-08-28,Female
466,Jamie Meza,Norton,washingtonguy@example.com,2007-01-14,Female
467,Dawn Lane,Rodriguez,grayamber@example.org,1998-02-26,Female
468,Joseph Wu,Goodman,veronicajones@example.net,2005-06-10,Female
469,Jason Sullivan,Reynolds,david36@example.com,1989-06-16,Male
470,April Griffin,Sanchez,amandamoore@example.com,1999-06-01,Male
471,Benjamin Nolan,Moore,vmartinez@example.org,2002-03-16,Male
472,Michael May,Singleton,michaelwilson@example.net,1993-12-06,Male
473,Matthew Murphy Jr.,Kelly,michaelburton@example.org,2003-04-04,Female
474,Thomas Morrison,Garza,rodriguezchristine@example.com,1982-09-15,Male
475,Shelby Tucker,Rogers,timothytucker@example.net,1985-05-02,Female
476,Danielle Pena,Edwards,jonessarah@example.com,1981-03-31,Male
477,Ashley Ferguson,Strong,scarter@example.com,1992-09-30,Female
478,Kimberly Coleman,Johnson,hgates@example.org,1988-03-28,Male
479,Kristin Gomez,Turner,mboyd@example.com,2003-07-15,Male
480,Michael Gutierrez,Berg,gainesmargaret@example.net,1990-06-09,Male
481,Emily Phillips,Baker,julie95@example.org,2006-02-03,Male
482,Morgan Cunningham,Barnes,shawnhernandez@example.org,2007-04-23,Male
483,Larry Patel,Morris,william34@example.org,1983-05-05,Female
484,Dennis Anderson,Johnson,amandabyrd@example.net,1994-09-16,Female
485,Mark Bailey,Bartlett,brettclayton@example.org,1998-08-04,Female
486,Richard Day,Perkins,plang@example.net,1995-02-07,Female
487,Samantha Walker,Buchanan,michellesherman@example.net,1985-01-11,Male
488,Mark Anderson,Kirk,brianamartinez@example.com,1981-06-18,Female
489,Stephanie Stanton,Mcdonald,santiagojonathan@example.net,1992-10-02,Male
490,Steven Juarez,Clay,boylecatherine@example.net,2007-12-03,Male
491,Amy Mccarthy DDS,Baker,awoodward@example.org,2004-05-26,Female
492,Jennifer Mendoza,Young,spatterson@example.net,1982-02-16,Female
493,Joseph Ramsey,Miller,scottsamantha@example.org,1985-07-01,Male
494,Bernard Hodges,Kim,hughesjames@example.org,1999-06-18,Male
495,Scott Glass,Fields,dunlapmanuel@example.com,1988-08-01,Male
496,Bobby Lloyd,Rivera,tayloramanda@example.com,1999-01-02,Male
497,Susan Roberts,Lewis,jimmy31@example.com,1998-06-02,Female
