id,name,surname,email,date of birth,gender
1,Mark Banks,Myers,james31@example.com,1999-01-09,Male
2,Dawn Wong,Walker,samuelhicks@example.org,2000-05-18,Female
3,Lindsey Booker,Hayes,qbarrett@example.org,1986-07-19,Male
4,Erin Skinner,Davis,teresa50@example.org,1999-04-24,Female
5,Michelle Gilmore,Randall,cherylchavez@example.org,2000-04-18,Male
6,Christopher Bailey,Ryan,ijones@example.org,1987-11-11,Male
7,Edward Patterson,Bradley,karenlewis@example.com,2007-12-26,Male
8,Oscar Sampson,Bishop,walkercody@example.net,2007-01-29,Male
9,Kyle Howard,Johnson,vmiles@example.org,1989-07-12,Female
10,Sherry Wilkerson,Webb,marshallkevin@example.net,1993-08-04,Male
11,Amber Henderson,Lopez,rose11@example.com,2003-03-29,Female
12,Jason Simpson,Taylor,lschmidt@example.net,1990-02-07,Male
13,Jose Harmon,Fuentes,ystevens@example.org,1998-10-10,Female
14,Rebecca Carlson,Keller,danielle42@example.net,1990-02-24,Female
15,Theresa Davidson,Williams,wigginspatrick@example.org,2007-05-20,Female
16,Emily Brown,Sanders,joel68@example.com,1994-03-31,Female
17,Amber Brown DDS,Whitney,cooperalyssa@example.net,1997-01-20,Female
18,Jennifer Miles,Delgado,vazquezmichael@example.net,2004-10-18,Female
19,Annette Smith,Carter,christinacurtis@example.com,2004-01-22,Male
20,James Duarte,Brown,umartin@example.org,1997-08-08,Female
21,Benjamin Terry,Maxwell,greggfreeman@example.org,2001-01-12,Male
22,Brenda Torres,Alexander,michellerodriguez@example.net,1993-05-22,Female
23,Jacqueline Christensen,Carlson,leonardmcdonald@example.net,1986-10-05,Female
24,April Williams,Carpenter,amiller@example.net,1994-10-17,Male
25,Joshua Sherman,Martin,piercelisa@example.com,1989-06-16,Female
26,Gregory Davis,Richards,laura75@example.com,2005-04-08,Female
27,Megan Martinez,Downs,reyesphilip@example.com,1987-07-31,Female
28,Christine Pierce,Holmes,jsanders@example.net,1988-06-12,Female
29,Michael King,Wood,mary68@example.net,1993-05-09,Male
30,David Shepard,Howell,twebb@example.net,2002-05-22,Male
31,Nicole Vazquez,Rodriguez,john13@example.org,2004-06-12,Female
32,Joyce Humphrey,Gray,cruztheodore@example.org,1994-07-13,Female
33,David Wade DDS,Escobar,rosalestimothy@example.net,2004-12-05,Male
34,Miss Leslie Gibson,Cooley,mauriceyoder@example.net,1996-01-04,Female
35,Jose Smith,Thomas,janetmason@example.com,2000-12-01,Female
36,Thomas Miles,Cooper,rangelrichard@example.net,1990-10-19,Male
37,James Wang,Phillips,estradabryan@example.com,2003-09-30,Male
38,Anthony Lynch,Sims,kerrcorey@example.org,1988-06-19,Male
39,Cassandra Alexander,Levy,cantrellvernon@example.com,2003-08-03,Male
40,Teresa Cooper,Hunter,williamsbrandon@example.com,1988-03-02,Female
41,Angela Jordan,Payne,samantha65@example.net,1987-01-31,Male
42,Erin Hoffman,Duncan,richardduncan@example.com,1990-07-01,Male
43,Heather Campbell,Williams,benjamin37@example.org,2001-11-23,Female
44,Margaret Rodriguez,Townsend,fkemp@example.net,2004-06-21,Male
45,Jill Hall,James,wstout@example.org,2006-01-08,Male
46,Amanda Martin,Hart,ywilson@example.net,1993-07-27,Female
47,Debbie Cunningham DDS,Cameron,cvillarreal@example.org,1991-02-24,Female
48,Bryan Lloyd,Moore,stephaniedixon@example.net,1997-08-12,Female
49,Michelle Mata,Davis,owilliams@example.net,2001-12-06,Male
50,Roger Lopez,Rich,opalmer@example.net,1996-07-12,Male
51,Robin Marshall,Smith,laurenhughes@example.net,1993-08-21,Male
52,Lori Arroyo,Robertson,alexandriahendricks@example.net,2002-02-16,Female
53,Ashley Williamson,Campbell,pamelastone@example.org,1989-10-14,Female
54,Felicia Murphy,Perry,patrick70@example.org,2006-08-22,Female
55,Nicole Contreras,Downs,jjohnson@example.org,1989-08-19,Male
56,Sheila Lang,Keller,shawngriffith@example.org,1986-05-02,Female
57,Carolyn Meyer,Miller,wyattpaul@example.org,2000-01-08,Male
58,Lisa Morrow,Horne,vancemichael@example.net,1988-01-29,Female
59,Marie Davis,Mcguire,kimberry@example.org,1986-09-08,Female
60,Stacy King DVM,Gould,powellmatthew@example.net,1999-01-28,Male
61,Carlos Cardenas,Garcia,ejohnson@example.org,1993-09-22,Female
62,Elizabeth Garcia,Foster,johnzhang@example.org,1997-12-04,Male
63,Aaron Fox,Schultz,tommypayne@example.org,2002-11-29,Male
64,Ashley Rodgers,Myers,tdyer@example.net,2006-11-13,Female
65,Kevin Jordan,Miller,diana63@example.org,2000-09-09,Female
66,Colleen Allison,Stanley,david90@example.com,1989-10-18,Male
67,Colin Kaufman,Vincent,eclayton@example.com,2002-02-24,Female
68,Micheal Fritz,Oliver,hnelson@example.org,1986-05-05,Male
69,Hannah Armstrong,Blankenship,jaimeguzman@example.org,1993-03-28,Male
70,Carla Maxwell,Frazier,ujohnson@example.net,1990-06-09,Male
71,Valerie Morales,Smith,ruizharold@example.org,2005-03-14,Female
72,Jennifer Harrison,Mayo,aprilgriffith@example.com,1985-09-09,Male
73,Michael Wright,Adams,jacob95@example.net,2004-06-08,Female
74,Mike Rollins,Patton,christythomas@example.org,1999-05-28,Female
75,James Clark,Choi,pauljohnson@example.net,2007-09-05,Male
76,Teresa Walker,Fitzpatrick,lmason@example.com,1994-01-10,Male
77,Richard Morris,Sanchez,ruben23@example.net,1987-10-10,Male
78,Matthew Norris,Hamilton,ramirezgregory@example.org,1988-10-05,Female
79,Joann Matthews,Dunlap,vwilliamson@example.net,1991-01-08,Female
80,Lynn Mullen,Henry,jenny06@example.org,1996-03-11,Male
81,Julie Wilson,Goodwin,ymurphy@example.com,1996-03-18,Male
82,Christopher Hampton,Waller,qarmstrong@example.org,2003-07-04,Male
83,Terry Garcia,Huff,andrew77@example.org,2003-09-15,Female
84,Carl Spencer,Shea,duffysamuel@example.org,1999-06-16,Female
85,Catherine Watkins,Lopez,gibbsalicia@example.com,1998-12-06,Female
86,Gabriel Rodriguez,Wong,mejiashane@example.net,1987-07-04,Female
87,Joseph Cortez,Smith,gingram@example.org,1994-05-13,Female
88,Cody King,Vazquez,shannon57@example.org,1989-04-29,Male
89,Zachary Simmons,Grant,andrewlloyd@example.net,2001-06-18,Male
90,Donald Snyder,Riley,sabrinawise@example.org,1998-08-07,Male
91,Kimberly Phelps,Adkins,ochang@example.org,1990-03-22,Female
92,Ryan James,Morris,nancy50@example.org,2003-04-16,Male
93,Becky Ray,Mendoza,jessica12@example.com,2002-04-01,Male
94,John Rogers,Lee,ericmalone@example.net,1986-08-04,Male
95,Glen Gonzalez,Castillo,nicholas01@example.org,1989-06-09,Female
96,Jeffrey Strickland,Marshall,monicasmith@example.org,2000-01-01,Female
97,Jason Padilla,Schmidt,cainelizabeth@example.com,2002-03-05,Female
98,Lindsey Vargas,Blackwell,powelljames@example.com,1988-10-13,Male
99,Timothy Reed,Jensen,baileymoore@example.net,1991-01-16,Female
100,Michael Ramirez,Maynard,aaron62@example.com,2004-10-30,Female
101,Janet Cook,Anderson,millerjon@example.com,2003-02-19,Female
102,Sharon Garcia,Tran,stephenrobinson@example.org,1993-02-01,Female
103,Daniel Wiggins,Frye,qsmith@example.net,2004-11-20,Female
104,Francisco Cummings,Friedman,vfuller@example.org,2000-12-15,Female
105,Jessica Moss,Christian,nathantaylor@example.net,2002-05-05,Male
106,Lawrence Lambert,Lopez,ldavis@example.net,1992-09-07,Male
107,Kevin Flynn,Robinson,brendarios@example.com,2004-12-18,Male
108,Sheila Reed,Gibson,gregorykelly@example.org,2007-10-17,Female
109,John Martinez,Beard,vmedina@example.org,1993-09-23,Male
110,Gwendolyn Martin,Wiggins,brad40@example.com,1987-09-07,Female
111,Ashlee Edwards,Jackson,charles02@example.com,1999-06-01,Female
112,Daniel Mcknight,Mcdaniel,hendersonnathan@example.net,1997-12-28,Male
113,Clifford Howe,Salinas,matthew47@example.net,1992-08-26,Male
114,Isaac Wells,Mullins,jason61@example.com,2001-09-26,Male
115,Terry Wright,Jones,rcastaneda@example.org,1997-02-12,Female
116,Kristen Myers,Anderson,gloverjason@example.net,2000-07-08,Male
117,Kaitlyn Valenzuela,Vaughn,julia01@example.net,1986-08-27,Male
118,Lisa Cabrera DDS,Trevino,bridget66@example.net,1996-04-11,Female
119,Rodney Anderson,Flores,lturner@example.com,1986-05-22,Female
120,Joseph Hubbard,Washington,jennifercollins@example.com,2005-02-11,Male
121,Andrea Vargas,Leon,scottbaldwin@example.com,1989-12-05,Male
122,Kevin Martinez,Jones,michealburns@example.net,1996-06-20,Female
123,Martin Blanchard,Clark,ronaldmejia@example.org,2005-02-04,Female
124,Matthew Williams,Dalton,pagelaurie@example.org,1997-10-10,Female
125,Daniel Lee,Potter,eduardo25@example.net,1999-01-31,Female
126,Justin Wiley,Cruz,carlosschultz@example.net,2004-10-12,Male
127,Zachary Hall,Bell,burnsdaniel@example.org,1993-08-04,Male
128,Leroy Williams,Johnston,reginald52@example.com,2007-12-23,Female
129,Adrienne Bolton,Montgomery,carterdonna@example.com,1994-06-14,Female
130,Tammy Lucero,Edwards,christopherdavies@example.net,1998-05-19,Male
131,Christopher Ortiz,Martin,tracey02@example.com,2006-12-13,Male
132,Chris Macias,Wilcox,hpowell@example.com,1992-12-10,Male
133,Jay Jackson,Lester,pricemisty@example.net,1997-11-04,Male
134,Jerry Simmons,Patterson,mholt@example.org,1999-12-09,Female
135,Diana Lee,Nguyen,cynthiajackson@example.org,1990-09-02,Male
136,Robert Cruz,Woods,matthew41@example.net,2005-02-26,Male
137,Morgan Perez,Wood,belinda58@example.org,1989-04-25,Male
138,Matthew Johnson,King,zprice@example.net,1999-03-23,Male
139,Paul Wells,White,theresa00@example.net,1992-04-06,Female
140,Jason Mcmillan,Smith,jessicaglass@example.net,1987-08-18,Female
141,Courtney Williams,Gonzalez,melissacontreras@example.com,1991-06-06,Male
142,Kimberly Quinn,Robertson,abrown@example.net,1994-10-19,Female
143,Lindsay Murphy,Allen,stephaniesaunders@example.net,1990-06-12,Female
144,Matthew Miller,Ray,lindariley@example.org,2003-05-11,Male
145,Jon Williams,Hall,lindaclark@example.org,1987-02-19,Male
146,Samuel Nelson,Jackson,sampsonnicole@example.net,2000-02-07,Female
147,Sarah Roberts,Ford,edwardsraymond@example.org,2002-06-05,Male
148,Eric Alvarado,Williams,richardsonjames@example.com,2007-10-30,Male
149,Allison Jones,Phillips,heatherhernandez@example.org,1987-12-21,Female
150,Gary Henry,Doyle,christine46@example.com,2006-02-12,Female
151,Wanda Bonilla,Wilson,hterrell@example.org,2001-06-10,Male
152,Billy Foster,Sampson,burnsderek@example.net,2004-11-01,Male
153,Tina Wu,Stout,devin20@example.org,2001-04-05,Male
154,Jake Dyer,Donaldson,strongmichael@example.com,1999-12-11,Female
155,Jason White,Mora,joshuabrown@example.net,1999-10-03,Female
156,Yvonne Pope,Rodriguez,johnsonisaac@example.org,2000-09-08,Female
157,Francisco Hansen,Yates,whitekimberly@example.org,2007-04-12,Male
158,Brandon Pace,Morgan,justin62@example.org,2001-02-25,Male
159,Benjamin Tucker,Williams,johnsmith@example.com,2007-02-11,Female
160,Sherry Yates,Oneal,patricialogan@example.com,2000-03-04,Female
161,Leslie Bender,Hoffman,wbrown@example.net,1994-11-02,Female
162,Andrew Calhoun,Hall,acostavanessa@example.net,1993-02-12,Male
163,Alexandra Morse,Jones,jeremyturner@example.com,2004-06-12,Female
164,Miss Melissa Hickman DVM,Wright,sramirez@example.net,1986-07-29,Male
165,Mary Vaughn,Mata,jlyons@example.org,2006-08-20,Male
166,Hannah Robbins,Ortiz,graykatherine@example.net,2004-04-20,Female
167,Ryan Montgomery,Smith,lgonzalez@example.org,1990-10-06,Male
168,Tina Wood,Morgan,callahanzachary@example.com,2000-06-06,Male
169,Linda Williams,Norris,hayeskyle@example.org,1996-02-03,Female
170,William Glass,Kennedy,williamjones@example.net,2004-12-30,Male
171,Sandy Anderson,Harris,kglover@example.com,1990-05-18,Male
172,Linda Dodson,Johnson,shawnscott@example.net,1987-09-19,Female
173,Diana Sims,Reeves,carterrobert@example.com,2007-10-06,Male
174,Debbie Mayer,Carter,karenarellano@example.com,1992-06-26,Female
175,Andrew Rosario,Noble,miguel24@example.net,2005-02-27,Female
176,Robert Fitzpatrick,Hamilton,vnelson@example.net,2004-09-24,Female
177,Patricia Garcia,Skinner,walterscatherine@example.com,2003-01-22,Female
178,James Dixon,Moyer,mendozamadison@example.com,1994-01-12,Female
179,Daisy Bennett,King,belljeffrey@example.org,2001-08-31,Male
180,Michelle Davis,West,cjohnson@example.net,1993-12-22,Male
181,John Macias,Gonzalez,brooke02@example.net,2007-08-09,Female
182,Mr. Peter Chandler,Stone,robertsrobert@example.com,2002-10-31,Male
183,Eduardo Lee,Garcia,stevemurphy@example.com,2007-06-21,Male
184,Anthony Daniel,Watkins,yolandagarner@example.net,1993-08-24,Female
185,Theresa Hanson,Taylor,kfoster@example.net,1986-06-02,Female
186,Jamie Hamilton,Henry,mckenziehayes@example.org,1992-08-14,Male
187,Emily Roberts,Tucker,breanna02@example.com,2001-12-21,Male
188,Mr. Luis Valenzuela,Carroll,lwilson@example.net,2005-09-03,Female
189,John Martin,Bowen,glennheather@example.org,1986-03-29,Female
190,Melinda Gray,Hopkins,brownelizabeth@example.net,1992-08-28,Female
191,Robert Matthews,Williams,sheilalevy@example.org,1985-05-18,Male
192,Donna Taylor,Shields,cassandra85@example.net,1998-03-08,Female
193,Joshua Bryant,Meyer,taylor90@example.org,1996-04-20,Male
194,Justin Wilson,Thompson,heather63@example.com,2004-08-10,Male
195,Veronica Romero,Sherman,hoffmanpatricia@example.org,2001-01-16,Female
196,Daniel Allen,Hernandez,charlotteduran@example.net,1985-11-26,Female
197,Keith Sanders,Duncan,rebecca57@example.net,1991-04-22,Female
198,Rick Watson,Singleton,dvillarreal@example.net,2008-02-09,Female
199,Erika Livingston,Miller,andrew31@example.net,1998-08-30,Male
200,Sean Butler,Brown,xcruz@example.com,1989-10-08,Male
201,Evelyn Wells,Spencer,eric17@example.org,2003-11-08,Male
202,Miss Robin Brewer,Martinez,amy75@example.com,1997-12-30,Female
203,Christopher Aguilar,Howe,alexmitchell@example.com,1995-08-27,Male
204,Sierra Brown,Salazar,zlopez@example.com,1998-04-15,Female
205,Sara Jimenez,Kelly,millersusan@example.org,1985-09-27,Female
206,Timothy Martinez,Conner,wfreeman@example.org,2004-10-30,Female
207,Daniel Thomas,Mills,dawnwilson@example.net,2003-03-14,Female
208,Mallory Lee,Campbell,zacharywilkerson@example.com,2000-12-10,Male
209,Terri Moore,Hall,kimberlyzavala@example.org,2002-09-21,Female
210,Nicole Moon,Jackson,james76@example.net,1991-04-17,Male
211,Kelly Mcdonald,Rose,richardcarpenter@example.net,1992-10-28,Female
212,Brenda Mills,Parks,taylorcastro@example.org,1986-09-02,Female
213,Charles Weiss,Lang,juan25@example.org,1987-12-07,Male
214,Andrea Hartman,Hall,martinezgregory@example.org,2005-05-29,Female
215,George Rogers,Keller,erin30@example.com,2004-05-18,Male
216,John Ramirez,Gardner,atkinsmonica@example.org,2007-05-11,Male
217,Mary Schmitt,Davis,coxjames@example.com,2002-09-21,Female
218,Kiara Smith,Lopez,jamesrivera@example.com,1994-04-07,Male
219,Mrs. Jasmine Horn,Henry,fromero@example.org,1989-02-11,Female
220,Sonya Vasquez,Brown,sharon40@example.org,2003-05-16,Male
221,Stephanie Hunt,Weber,ssmith@example.net,2003-10-04,Male
222,Joshua Baker,Allen,justin84@example.net,1994-05-18,Male
223,Veronica Smith,Miller,jbowen@example.org,1993-04-22,Male
224,Pamela Banks,Ramirez,steven69@example.com,1986-04-22,Male
225,Theresa Ayala,Fitzpatrick,brownmonica@example.net,1996-05-26,Female
226,Shirley Miller,Miles,nwells@example.org,2008-01-20,Male
227,Janet Avery,Durham,staceythompson@example.org,1992-03-05,Female
228,Jessica Thomas,Stone,andrewstuart@example.net,1990-05-10,Female
229,Stephanie Ortiz,Henry,wwilson@example.com,1998-10-01,Female
230,Collin Tran,Schneider,joan59@example.org,1986-12-28,Female
231,Donald Mendez,Johnson,caleb56@example.org,1988-12-11,Male
232,April Cooper,Miles,debramartinez@example.net,1995-04-01,Male
233,Lindsey Ferrell,Lee,chad48@example.com,2005-03-16,Female
234,Chad Taylor,Bowen,wwhite@example.com,1988-09-10,Male
235,Andrea Walker,Gomez,murphystephanie@example.org,1992-05-31,Male
236,Natasha Bernard,Johnson,chad65@example.net,2000-04-06,Male
237,Robert Hodge,Ross,vknapp@example.com,2000-01-10,Male
238,Richard Gaines,Smith,francisjessica@example.com,2004-07-10,Female
239,Loretta Mcmillan,Jackson,christine08@example.com,1996-01-03,Male
240,Natalie Ramos,Cameron,joshuameadows@example.org,2003-04-07,Female
241,Daniel Nelson,Gross,nstewart@example.org,1991-02-02,Male
242,Michael Jackson,Webb,lopezgregory@example.org,1986-01-23,Male
243,Kyle Thomas,Crawford,millerjames@example.org,1985-09-30,Male
244,Tina Vasquez,Gonzalez,brookskara@example.net,1988-11-30,Male
245,Sara Smith,Allen,brownricky@example.org,1987-09-02,Male
246,Marcus Sanders,Washington,kim91@example.org,2003-12-18,Female
247,Richard Small,Whitney,tchase@example.com,1992-04-02,Female
248,Mr. Douglas Phillips Jr.,Larson,zrodriguez@example.org,2003-07-21,Male
249,Zachary Murillo,Harris,nhowe@example.org,2007-10-15,Female
250,Linda Figueroa,Sanchez,jennifer59@example.org,2002-03-29,Male
251,Alexander Nelson,Potts,aaronkelly@example.org,1997-08-10,Male
252,Jordan Chang,Jones,christine60@example.com,1998-04-18,Male
253,Jessica Whitney,Wong,pnorris@example.org,1987-10-23,Female
254,Veronica Aguilar,Macdonald,emily39@example.net,1998-08-20,Male
255,Kayla Shah,Wilkins,fernandezjulie@example.net,1992-04-16,Male
256,Dustin Dorsey,Smith,ublake@example.com,1994-04-09,Female
257,Amber Johnson,Reid,dromero@example.net,1997-05-31,Male
258,Cesar Williams,Cordova,catherinebanks@example.net,2001-10-04,Female
259,Kathleen Hill,Fields,joshua15@example.org,2004-03-16,Male
260,Brooke Chaney,Chen,martinwilliam@example.net,1994-07-11,Female
261,Ryan Moreno,Hess,kramerwilliam@example.net,1988-02-01,Female
262,Elizabeth Brown,Chavez,david47@example.org,2007-11-19,Male
263,Michelle Bean,Duncan,wattsdawn@example.net,2003-06-30,Male
264,Ashley Gaines,Brown,davisjared@example.net,2007-08-22,Male
265,Briana Williams,Gonzalez,twilliams@example.net,2007-09-13,Female
266,Lynn Campbell,Hernandez,mark80@example.com,2002-08-18,Male
267,Audrey Mullen,Friedman,brianmccarty@example.com,2007-09-12,Female
268,Tyler Burnett,Miller,allencharles@example.org,1988-01-10,Female
269,Joe Acevedo,Wagner,emily66@example.net,2000-03-11,Female
270,Mark Carroll,Sanders,rcase@example.com,2001-05-19,Female
271,Bradley Walker,Kaufman,carolinefigueroa@example.net,1998-09-04,Male
272,Sarah Randall,Schroeder,tgarza@example.org,2002-05-04,Female
273,William King,Anderson,alexis56@example.com,1988-04-29,Female
274,Henry Mcguire MD,Edwards,logankristen@example.com,1996-02-24,Male
275,Ryan Chaney,Franklin,austinhicks@example.net,1986-09-25,Female
276,Wendy Rice,Mooney,racheltorres@example.org,2002-10-14,Female
277,Frances Miller,Chapman,kturner@example.com,2008-01-17,Male
278,Tyler Jones,Miller,jeremiahgoodman@example.net,1988-01-12,Female
279,Nicole Hahn,Gutierrez,bmcdonald@example.net,1986-07-30,Female
280,Linda Davidson,Higgins,cwolfe@example.com,1994-08-14,Female
281,Tanya Schwartz,Miller,danielle63@example.net,1993-10-26,Female
282,Stacey Caldwell,Herrera,jonathanmueller@example.com,2005-05-04,Female
283,Rachel Diaz,Finley,michael45@example.net,1992-08-29,Female
284,Casey Ruiz,Lowery,charles38@example.com,1990-03-02,Male
285,Scott Snyder,Jordan,megan16@example.org,1995-10-09,Female
286,Aaron Galvan,Hawkins,dgray@example.com,2002-12-15,Female
287,Kelly Gonzalez,Johnson,jfernandez@example.com,2005-03-05,Female
288,Nancy Mendez,Garcia,seananderson@example.com,1989-02-23,Female
289,Michael Turner,Diaz,paulmiller@example.com,1991-08-14,Male
290,Kristen Kelly,Mcbride,guerrabenjamin@example.net,1991-11-29,Male
291,Heidi Mason,Grimes,loganmorrow@example.org,2004-03-23,Male
292,Matthew Le,Mills,josephsmith@example.org,1997-04-23,Female
293,Caleb Rice,Rodriguez,robert82@example.com,1992-12-19,Female
294,Beth Simmons,Mckenzie,michelleallen@example.com,1996-07-08,Male
295,Linda Estrada,Anthony,angeladowns@example.org,1985-12-10,Male
296,Benjamin Schroeder,Elliott,bbell@example.com,1989-05-04,Female
297,James Ferrell,Romero,dsimmons@example.net,1994-12-23,Male
298,Brian Rasmussen Jr.,Martin,schoi@example.net,2005-04-08,Male
299,Brian Roberts,Bailey,tammy01@example.org,1994-11-23,Female
300,John Miller,Vaughan,jonesrandy@example.com,2002-12-04,Male
301,Michael Sanchez,Erickson,laurenelliott@example.com,2003-08-31,Male
302,Sandra Johnston,Dawson,kathleenmurphy@example.net,2003-06-02,Male
303,Dakota Spencer,Cole,amy34@example.com,1996-07-24,Female
304,Connie Edwards,Wood,heidi05@example.net,1986-06-26,Female
305,Samantha King,Thornton,reginaduncan@example.net,2007-08-24,Male
306,Stephen Ochoa,Cohen,lindsayflores@example.org,1992-12-01,Female
307,Lisa Castro,Davis,kennedyangela@example.net,1992-07-23,Male
308,Cesar Ferguson,Wallace,kathleenreynolds@example.net,1985-07-11,Male
309,Chad White,Preston,amiles@example.org,1995-12-10,Male
310,Christopher Munoz,Wilson,corey50@example.com,1985-12-30,Male
311,Mrs. Anna Kennedy,Richardson,qperkins@example.org,2004-06-05,Male
312,Keith Johnson,Rasmussen,newtondeanna@example.org,1989-12-02,Female
313,Anthony Anderson,Madden,smithalexander@example.org,1990-06-23,Female
314,Rebecca Waller,Johnson,masonchristopher@example.net,1997-01-01,Male
315,Robert Brock,Mcconnell,ctravis@example.net,1995-12-26,Male
316,Maria Simpson,Davis,devin35@example.org,2006-06-27,Female
317,Marvin Cox,Durham,davidramirez@example.org,1985-12-15,Female
318,Mr. Mark Moore,Moses,vclarke@example.net,1997-07-23,Female
319,Steven Mejia,Greer,david87@example.com,1997-05-11,Female
320,Cory Lee,Campbell,zparrish@example.net,2001-12-13,Female
321,Timothy Ortiz,Ramirez,samanthabarker@example.com,1996-07-08,Male
322,Alexander Garcia,Craig,jphillips@example.net,1986-04-30,Male
323,Michael Alvarez,Sutton,adamscarlos@example.com,1986-02-27,Female
324,Gloria Dixon,Green,jacobcarlson@example.org,1988-02-21,Male
325,Dana Lloyd,Malone,oalexander@example.net,1987-01-08,Female
326,Kimberly Jackson,Johnson,joneskenneth@example.net,1985-11-12,Male
327,Jason Little,Christensen,anthony21@example.com,1996-04-30,Male
328,Melanie Moreno,Miles,fpreston@example.org,1992-06-09,Female
329,Brian Andrade,Erickson,johnlopez@example.net,1988-05-08,Male
330,Benjamin Guerrero,Espinoza,obrooks@example.net,1991-11-15,Female
331,Gregory Walker,Fox,lisagarcia@example.com,2003-11-20,Female
332,Amy Taylor,James,larrycole@example.org,2005-11-08,Female
333,Jamie Shaw,Dominguez,joshua95@example.org,2006-10-14,Male
334,Laura Walsh,Davidson,laura61@example.com,2005-06-17,Male
335,Richard Wise,Evans,johnsonheather@example.net,2005-11-11,Male
336,Gabriel Anderson,Campbell,nicolecombs@example.net,1996-02-02,Female
337,Lindsey Ward,Mccormick,craigsummers@example.org,2001-01-16,Female
338,Nathaniel Ward,Mooney,lindsaythomas@example.org,2004-02-07,Female
339,Julie Olson,Clark,michelle34@example.net,2005-09-21,Male
340,Maxwell Cobb,Keith,melaniebarton@example.org,1985-04-25,Female
341,Christopher Mckinney,Ruiz,maria57@example.org,2000-01-02,Male
342,Joseph Mitchell,Brown,rayamber@example.net,1992-04-19,Male
343,Dwayne Johnson,Frazier,xkeller@example.com,1992-01-14,Female
344,Kathryn Jones,Wood,harriserica@example.net,2001-11-25,Male
345,Tyler Cameron MD,Pearson,steelejeffrey@example.net,1991-06-19,Female
346,Anita Fry,Smith,sydneylong@example.com,1991-06-03,Male
347,Mr. Douglas Dunn,Gross,michellecooper@example.org,1989-02-08,Female
348,James Wallace,Robles,dianabates@example.net,1993-06-12,Female
349,Scott Smith,Ford,joshua02@example.net,2007-12-18,Male
350,Joseph Fisher,Shields,mckeewendy@example.com,1992-12-20,Female
351,Katie Cain,Mosley,morgan70@example.com,1985-12-15,Female
352,Mary Haney,Espinoza,michellephillips@example.com,2003-04-25,Male
353,Thomas Chang,Blankenship,gregory44@example.com,2001-10-25,Female
354,Ann Patel,Williamson,jefferystewart@example.net,1991-10-25,Male
355,Earl Taylor,Woodard,jasonestrada@example.org,2004-11-06,Male
356,Christine Cherry,Mann,ericowens@example.org,1994-01-16,Female
357,Jordan Pierce,Small,markrodriguez@example.com,1992-10-13,Female
358,Elizabeth Thomas,Richard,dawn45@example.net,2001-01-18,Female
359,Susan Jennings,Poole,arielwilson@example.com,2004-06-12,Male
360,Cynthia Ingram,Brown,lschwartz@example.org,1996-07-10,Female
361,Erika Downs,Rivera,jeremybenjamin@example.com,2007-12-19,Male
362,David Gomez,Welch,kathrynmarshall@example.org,2008-02-26,Female
363,Kenneth Willis,Erickson,garciadawn@example.org,2001-04-24,Male
364,Mrs. Tracy Duffy,Coleman,amy62@example.com,1998-10-11,Female
365,Michael Dominguez,Wilson,doylerobert@example.org,2003-02-14,Male
366,Jennifer Webster,Aguilar,sarahhayes@example.net,1987-08-08,Female
367,Brett Miller,Scott,bullockterri@example.net,1990-09-13,Male
368,Jonathan Richardson,Williams,smithmark@example.com,1987-08-14,Female
369,Jenny Watts,Hopkins,megan51@example.org,1996-05-15,Female
370,Regina Carpenter,Smith,robert99@example.org,2003-07-31,Male
371,Brandon Williams,Payne,williamsjeremy@example.net,1987-11-20,Male
372,Amanda Clay,Peterson,brookesimpson@example.org,1993-04-17,Male
373,James Wagner,Jones,roacherin@example.com,1994-04-03,Male
374,Brianna Ward,White,luis11@example.net,2004-01-18,Male
375,Cheryl Dodson,Smith,jameswall@example.net,1986-02-11,Male
376,Lauren Santiago,Nelson,kbailey@example.org,1998-12-28,Female
377,Christopher Gray,Lozano,timali@example.net,2007-08-10,Male
378,Theresa Allen,Ball,isaac48@example.com,2003-07-11,Male
379,Isaac Anderson,White,rivascharles@example.com,2006-07-01,Female
380,Tamara Mitchell,Shaw,schultzariana@example.com,1992-01-24,Male
381,Jeremy Browning,Clark,tammie36@example.com,2000-02-04,Male
382,Kelly Jackson,Navarro,jessicamiller@example.net,1985-11-18,Male
383,Jerry Jones,Collier,rroberson@example.com,2007-07-24,Male
384,Brian Johnson,Olson,terrystephanie@example.net,2004-10-26,Female
385,Jennifer Henderson,Lawrence,linda65@example.org,1997-04-17,Female
386,Rebecca Alvarez,Johnson,nboyd@example.net,2002-11-30,Female
387,Leah Koch,Lyons,patriciagill@example.org,1993-08-12,Female
388,Jesse Cooper,Hernandez,bferguson@example.org,1992-03-02,Female
389,Mark Evans,Duncan,moracynthia@example.net,1988-08-28,Female
390,Ashley Payne,Preston,lovejeremy@example.org,1985-10-16,Male
391,Rachel Little,Lin,tannercarter@example.com,1992-02-16,Female
392,Lisa Nguyen,Owens,jamesbaker@example.net,2005-09-29,Female
393,Jose Sanford,Parsons,silvascott@example.com,2002-10-23,Female
394,Rhonda Anderson,Williams,underwoodalexis@example.net,1998-01-02,Female
395,Louis Conway,Rice,gstafford@example.org,1995-11-15,Male
396,Angel Simmons,Gamble,jack56@example.org,2003-01-26,Male
397,Joseph Brown,Bishop,erichogan@example.net,1996-12-23,Female
398,Elaine Ruiz,Peters,fbarnes@example.com,1992-09-05,Female
399,Nicholas Smith,Reilly,sschultz@example.org,2001-04-08,Female
400,Mark James,Gonzalez,meadowsjennifer@example.com,2005-09-26,Male
401,John Jones,Spencer,kathryn93@example.org,1991-04-07,Female
402,Courtney West,Robles,jennifer61@example.net,2005-02-26,Male
403,Maria White,Clark,stephenssuzanne@example.org,1998-05-04,Male
404,Margaret Parks,Smith,georgeenglish@example.org,2007-10-16,Male
405,Robert Schaefer,Smith,medinaderrick@example.org,1989-07-12,Female
406,Jeffrey Nielsen,Hernandez,randyyoung@example.org,1992-05-18,Male
407,Christian Miller,Rose,tammychang@example.org,1998-03-28,Male
408,Robert Morris,Ritter,serranomichael@example.net,1998-02-05,Male
409,Michael Olson,Watson,bonnie33@example.net,1994-02-02,Male
410,John Parsons,Keith,jill25@example.com,1995-08-11,Male
411,Hannah Cruz,Stephenson,laurie62@example.org,1988-12-13,Male
412,Caroline Perez,Bass,walkerjohn@example.net,2006-12-15,Male
413,Timothy Wolfe,Acosta,linda75@example.com,2000-07-15,Male
414,Jodi Vance,Mack,edward49@example.org,1989-05-19,Male
415,Janet Burch,Allen,sharon89@example.net,1995-12-28,Female
416,Lynn Quinn,Shaw,fguerrero@example.net,1998-08-26,Female
417,Elizabeth Fuller,Burgess,mary30@example.org,1996-07-26,Female
418,Douglas Knight,Morales,johndavis@example.com,1998-11-09,Female
419,Rachel Roberts,Wood,awagner@example.net,1986-01-20,Female
420,Vincent Hess,Williams,nmcgrath@example.com,1993-05-19,Female
421,Mark Davis,Baker,zhenderson@example.net,1998-05-24,Female
422,Dana Wright,Wolfe,ellisonscott@example.org,1996-02-15,Female
423,Jeffrey Gould,Taylor,melissaglover@example.org,1989-02-04,Male
424,Michael Hess,Ford,daniel24@example.org,1994-11-15,Male
425,Michelle Duran,Benson,phardy@example.com,1996-12-15,Male
426,Kelly Green,Williams,vgarcia@example.org,2001-10-12,Female
427,Chelsey Porter,Nunez,vargasamanda@example.net,1995-11-06,Female
428,Shelley Love,Harris,angela69@example.org,2004-02-14,Female
429,Walter Hall,Alexander,tpowell@example.org,2006-05-02,Female
430,Tim Wilcox,Williams,ngomez@example.org,1995-11-05,Female
431,Donna Thompson,Davis,johnsonsusan@example.com,1985-12-24,Female
432,Larry Harper,Mclean,dianaobrien@example.net,1999-10-12,Female
433,Miss Jenna Clark,English,brucealexander@example.com,2006-12-26,Female
434,Jessica Hammond,Ortega,westbryan@example.net,2000-05-23,Male
435,Melissa Rodriguez,Newman,mike53@example.net,1994-07-20,Male
436,Justin Ramos,Bush,desiree34@example.org,1997-02-07,Male
437,Travis Wilkinson,Lee,englishtom@example.org,1993-10-14,Male
438,Bryan Alvarez,Chung,michaelgarza@example.net,1994-03-11,Male
439,Carolyn Henderson,Banks,maloneamanda@example.net,1990-06-11,Female
440,Dawn Harris,Hogan,crawfordsally@example.com,2006-12-07,Male
441,Andrew Mcdowell,Hawkins,jermaineprice@example.net,1991-02-04,Female
442,Gabriela Blackwell,Turner,joshua55@example.org,1990-07-28,Female
443,Nicole Walker,Bryant,suttonlinda@example.com,1997-02-18,Male
444,Ryan Holder,Cain,valerie55@example.net,1997-11-27,Female
445,Kristen King,Beard,ihuff@example.net,1998-01-25,Female
446,William Ray,Neal,garrettsmith@example.net,1999-10-04,Female
447,Ryan Christensen,Washington,kingraymond@example.org,1996-08-18,Male
448,Lauren Ramos,Harrison,andrew52@example.org,2004-01-15,Female
449,Natalie Houston,Cohen,brian76@example.com,2005-01-26,Female
450,Jackie Best,Villegas,mendozarebecca@example.net,1997-12-12,Male
451,Jennifer Davis,Chavez,jose63@example.com,1991-09-20,Female
452,Bradley Glenn,Hernandez,livingstonalexis@example.com,2004-04-11,Female
453,Troy Wall DVM,Garcia,margaret36@example.com,1993-11-17,Female
454,Miss Courtney Edwards,King,nthompson@example.net,1987-11-12,Male
455,Shannon Garza,Smith,crystalwhite@example.com,1987-02-10,Male
456,Anthony Walker,Winters,jonathanphillips@example.net,2003-10-21,Male
